ContactID,Team Member,Measurement
0960C092-2944-4CED-97B2-15EED4F8E2A3,Luke Ready,Certificate I In Health Support
21FA0B01-4305-468A-B3B6-FC665498E929,James Brown,Certificate I In Health Support
26BF86A5-E6F4-47DD-99B7-77101F1CFA5A,Amanda Burns,Certificate I In Health Support
2797BD61-D136-4322-B977-A40E51A2D327,John Reason,Certificate I In Health Support
2F826996-742C-4C31-BDAA-D1A8176293EE,Jenny Jameson,Certificate I In Health Support
34352998-500B-47CB-B163-E16F11B94256,Luke Hunter,Certificate I In Health Support
43C5B72F-C1D4-4F04-BD7E-158890106768,Edward Norman,Certificate I In Health Support
4AC8EE58-5096-4EC5-B439-BA500B3A4156,Chris Oxenhan,Certificate I In Health Support
4E41E5F0-D04C-4995-BDD1-14FCC0074A40,Aaron Baker1,Certificate I In Health Support
4E41E5F0-D04C-4995-BDD10-14FCC0074A49,Aaron Baker10,Certificate I In Health Support
4E41E5F0-D04C-4995-BDD11-14FCC0074A50,Aaron Baker11,Certificate I In Health Support
4E41E5F0-D04C-4995-BDD2-14FCC0074A41,Aaron Baker2,Certificate I In Health Support
4E41E5F0-D04C-4995-BDD3-14FCC0074A42,Aaron Baker3,Certificate I In Health Support
4E41E5F0-D04C-4995-BDD4-14FCC0074A43,Aaron Baker4,Certificate I In Health Support
4E41E5F0-D04C-4995-BDD5-14FCC0074A44,Aaron Baker5,Certificate I In Health Support
4E41E5F0-D04C-4995-BDD6-14FCC0074A45,Aaron Baker6,Certificate I In Health Support
4E41E5F0-D04C-4995-BDD7-14FCC0074A46,Aaron Baker7,Certificate I In Health Support
4E41E5F0-D04C-4995-BDD8-14FCC0074A47,Aaron Baker8,Certificate I In Health Support
4E41E5F0-D04C-4995-BDD9-14FCC0074A48,Aaron Baker9,Certificate I In Health Support
4E41E5F0-D04C-4995-BDDF-14FCC0074A40,Aaron Baker,Certificate I In Health Support
4EB82AAC-4602-4DA6-9348-DDD84DEFB287,Quinten Strange,Certificate I In Health Support
53FD97B1-8E92-4A1D-990F-F16360AD9EEA,John Bannerman,Certificate I In Health Support
64F3718F-9FD2-444B-96FD-1DCDA0C8091D,Luke Thoms,Certificate I In Health Support
6B0A4CE9-3229-432D-989A-25E5F8E7743D,Briney Bindle,Certificate I In Health Support
6CB927A1-3A91-4074-95DF-3E03DB507301,Henry Johns,Certificate I In Health Support
713B24EE-7B31-4267-B30F-5B6A80114E9A,Brad Moretan,Certificate I In Health Support
72700B73-0CEF-4240-873B-02ED64394BFC,Andrew Hodgetts,Certificate I In Health Support
7C4FFBFE-F064-4D71-B585-29A7CED2269D,Ace Jumper,Certificate I In Health Support
7C4FFBFE-F064-4D710-B585-29A7CED2269D,Ace Jumper10,Certificate I In Health Support
7C4FFBFE-F064-4D711-B585-29A7CED2269D,Ace Jumper11,Certificate I In Health Support
7C4FFBFE-F064-4D72-B585-29A7CED2269D,Ace Jumper2,Certificate I In Health Support
7C4FFBFE-F064-4D73-B585-29A7CED2269D,Ace Jumper3,Certificate I In Health Support
7C4FFBFE-F064-4D74-B585-29A7CED2269D,Ace Jumper4,Certificate I In Health Support
7C4FFBFE-F064-4D75-B585-29A7CED2269D,Ace Jumper5,Certificate I In Health Support
7C4FFBFE-F064-4D76-B585-29A7CED2269D,Ace Jumper6,Certificate I In Health Support
7C4FFBFE-F064-4D77-B585-29A7CED2269D,Ace Jumper7,Certificate I In Health Support
7C4FFBFE-F064-4D78-B585-29A7CED2269D,Ace Jumper8,Certificate I In Health Support
7C4FFBFE-F064-4D79-B585-29A7CED2269D,Ace Jumper9,Certificate I In Health Support
817FA2A4-1643-40F0-B1B1-254ED03D0A56,Adam Jones1,Certificate I In Health Support
817FA2A4-1643-40F0-B1B10-254ED03D0A65,Adam Jones10,Certificate I In Health Support
817FA2A4-1643-40F0-B1B11-254ED03D0A66,Adam Jones11,Certificate I In Health Support
817FA2A4-1643-40F0-B1B2-254ED03D0A57,Adam Jones2,Certificate I In Health Support
817FA2A4-1643-40F0-B1B3-254ED03D0A58,Adam Jones3,Certificate I In Health Support
817FA2A4-1643-40F0-B1B4-254ED03D0A59,Adam Jones4,Certificate I In Health Support
817FA2A4-1643-40F0-B1B5-254ED03D0A60,Adam Jones5,Certificate I In Health Support
817FA2A4-1643-40F0-B1B6-254ED03D0A61,Adam Jones6,Certificate I In Health Support
817FA2A4-1643-40F0-B1B7-254ED03D0A62,Adam Jones7,Certificate I In Health Support
817FA2A4-1643-40F0-B1B8-254ED03D0A63,Adam Jones8,Certificate I In Health Support
817FA2A4-1643-40F0-B1B9-254ED03D0A64,Adam Jones9,Certificate I In Health Support
817FA2A4-1643-40F0-B1BA-254ED03D0A56,Adam Jones,Certificate I In Health Support
829DD9D4-C506-437E-9DE5-6E90D2053632,Alan Munroe,Certificate I In Health Support
8745C5FB-A941-43BE-9473-63FE6CCA809E,Manny Pool,Certificate I In Health Support
92764A21-6456-432B-B126-FA53152BBC3D,Mandy Love,Certificate I In Health Support
94C2BDDA-5E5E-4DA1-BB0F-9B988BEFF62B,Andrew Evans,Certificate I In Health Support
9673B449-5C0F-4B49-8D2B-F5AC2E6B76CC,Ronald Johns,Certificate I In Health Support
9C3E19DC-3666-4964-8671-FF5895F83038,Aidan Fenton1,Certificate I In Health Support
9C3E19DC-3666-4964-86710-FF5895F83047,Aidan Fenton10,Certificate I In Health Support
9C3E19DC-3666-4964-86711-FF5895F83048,Aidan Fenton11,Certificate I In Health Support
9C3E19DC-3666-4964-8672-FF5895F83039,Aidan Fenton2,Certificate I In Health Support
9C3E19DC-3666-4964-8673-FF5895F83040,Aidan Fenton3,Certificate I In Health Support
9C3E19DC-3666-4964-8674-FF5895F83041,Aidan Fenton4,Certificate I In Health Support
9C3E19DC-3666-4964-8675-FF5895F83042,Aidan Fenton5,Certificate I In Health Support
9C3E19DC-3666-4964-8676-FF5895F83043,Aidan Fenton6,Certificate I In Health Support
9C3E19DC-3666-4964-8677-FF5895F83044,Aidan Fenton7,Certificate I In Health Support
9C3E19DC-3666-4964-8678-FF5895F83045,Aidan Fenton8,Certificate I In Health Support
9C3E19DC-3666-4964-8679-FF5895F83046,Aidan Fenton9,Certificate I In Health Support
9C3E19DC-3666-4964-867A-FF5895F83038,Aidan Fenton,Certificate I In Health Support
9CBEA724-DE2F-4C4E-9F4E-C0A1E205F2B1,Michelle Jones,Certificate I In Health Support
B8CD2BAD-0C81-4441-9409-174282382D46,Aden Kirkland1,Certificate I In Health Support
B8CD2BAD-0C81-44410-9409-174282382D55,Aden Kirkland10,Certificate I In Health Support
B8CD2BAD-0C81-44411-9409-174282382D56,Aden Kirkland11,Certificate I In Health Support
B8CD2BAD-0C81-4442-9409-174282382D47,Aden Kirkland2,Certificate I In Health Support
B8CD2BAD-0C81-4443-9409-174282382D48,Aden Kirkland3,Certificate I In Health Support
B8CD2BAD-0C81-4444-9409-174282382D49,Aden Kirkland4,Certificate I In Health Support
B8CD2BAD-0C81-4445-9409-174282382D50,Aden Kirkland5,Certificate I In Health Support
B8CD2BAD-0C81-4446-9409-174282382D51,Aden Kirkland6,Certificate I In Health Support
B8CD2BAD-0C81-4447-9409-174282382D52,Aden Kirkland7,Certificate I In Health Support
B8CD2BAD-0C81-4448-9409-174282382D53,Aden Kirkland8,Certificate I In Health Support
B8CD2BAD-0C81-4449-9409-174282382D54,Aden Kirkland9,Certificate I In Health Support
B8CD2BAD-0C81-444D-9409-174282382D46,Aden Kirkland,Certificate I In Health Support
CA1EFE53-5099-4339-AD29-3FF2D23D4F13,Kirk Jordan,Certificate I In Health Support
CCE6F1B0-DFCE-45B1-B2E5-D900ED20182C,Abbey French1,Certificate I In Health Support
CCE6F1B0-DFCE-45B10-B2E5-D900ED20182C,Abbey French10,Certificate I In Health Support
CCE6F1B0-DFCE-45B11-B2E5-D900ED20182C,Abbey French11,Certificate I In Health Support
CCE6F1B0-DFCE-45B2-B2E5-D900ED20182C,Abbey French2,Certificate I In Health Support
CCE6F1B0-DFCE-45B3-B2E5-D900ED20182C,Abbey French3,Certificate I In Health Support
CCE6F1B0-DFCE-45B4-B2E5-D900ED20182C,Abbey French4,Certificate I In Health Support
CCE6F1B0-DFCE-45B5-B2E5-D900ED20182C,Abbey French5,Certificate I In Health Support
CCE6F1B0-DFCE-45B6-B2E5-D900ED20182C,Abbey French6,Certificate I In Health Support
CCE6F1B0-DFCE-45B7-B2E5-D900ED20182C,Abbey French7,Certificate I In Health Support
CCE6F1B0-DFCE-45B8-B2E5-D900ED20182C,Abbey French8,Certificate I In Health Support
CCE6F1B0-DFCE-45B9-B2E5-D900ED20182C,Abbey French9,Certificate I In Health Support
CCE6F1B0-DFCE-45BF-B2E5-D900ED20182C,Abbey French,Certificate I In Health Support
CD34EC19-BCAB-4959-88F0-2088ED201FA8,Andrews Evans,Certificate I In Health Support
D90A51DA-38D4-465E-99AA-F740A04AB2E8,Khanh Coder,Certificate I In Health Support
D9826D86-A95E-4388-BE46-90051399B297,Amanda Lobe,Certificate I In Health Support
DB9AE1B1-E84B-4F51-901C-1BCF58B50E34,Ravi Vyas,Certificate I In Health Support
DFD38BDE-9BFB-4265-96E7-2AA13095A616,Ian Foster,Certificate I In Health Support
E5D36EB9-0D94-4374-9ADA-8E1907388840,Abbey Smith,Certificate I In Health Support
F4639561-DB63-4A0D-B97C-4C50EF71C40A,Owen Morgan,Certificate I In Health Support
F773937D-2B29-498E-9F16-DBD6C39E327D,Fred  Tremain,Certificate I In Health Support
MINH-ID1,Minh Coder 1,Certificate I In Health Support
MINH-ID2,Minh Coder 2,Certificate I In Health Support
