,ContactID,TeamMember,WorksiteID
0,2AA13C06-5E37-4CD3-83A9-13A7CDFF154B,Amanda King,03B4D41E-CDE8-41AC-A3F0-197B8718A0DB
1,4E41E5F0-D04C-4995-BDDF-14FCC0074A40,Aaron Bootes,89D6E967-CE62-4C9F-8A60-39E7E06C40C2
2,4E41E5F0-D04C-4995-BDDF-14FCC0074A40,Aaron Bootes,F09D677B-6CFA-487B-AEDE-E347BDF3E29E
3,817FA2A4-1643-40F0-B1BA-254ED03D0A56,Adam Jones,459B79B2-4CD3-4755-A423-B5FADC3425FF
4,5BE6DF2A-1C5C-492B-84E6-2B5ABBAB8CCA,Bruiser Blair,F09D677B-6CFA-487B-AEDE-E347BDF3E29E
5,3C153BDD-4872-4892-AE75-A80CABA96EAB,Brent Samuel,89D6E967-CE62-4C9F-8A60-39E7E06C40C2
6,3C153BDD-4872-4892-AE75-A80CABA96EAB,Brent Samuel,E1F6E069-B258-4C03-A109-EAC80237980D
7,77A02F25-23A3-44F5-BBF5-AFD1E944813C,Brent Pulley,F09D677B-6CFA-487B-AEDE-E347BDF3E29E
8,77A02F25-23A3-44F5-BBF5-AFD1E944813C,Brent Pulley,E1F6E069-B258-4C03-A109-EAC80237980D
9,96196990-A79D-48D2-8F69-CC874B92698D,Nicholas Hamster,89D6E967-CE62-4C9F-8A60-39E7E06C40C2
10,96196990-A79D-48D2-8F69-CC874B92698D,Nicholas Hamster,647E2E09-4B51-4BC4-8C20-99D7537D76E8
11,77F495DA-D02C-4A35-AE68-DC079BBB5EB0,Fred Funk,89D6E967-CE62-4C9F-8A60-39E7E06C40C2
12,77F495DA-D02C-4A35-AE68-DC079BBB5EB0,Fred Funk,F09D677B-6CFA-487B-AEDE-E347BDF3E29E
